               epoch,      train/box_loss,      train/obj_loss,      train/cls_loss,   metrics/precision,      metrics/recall,     metrics/mAP_0.5,metrics/mAP_0.5:0.95,        val/box_loss,        val/obj_loss,        val/cls_loss,               x/lr0,               x/lr1,               x/lr2
                   0,             0.12684,            0.044396,                   0,           0.0013523,            0.019066,          0.00069294,           0.0001724,             0.12192,            0.043203,                   0,            0.070037,           0.0033292,           0.0033292
                   1,             0.12134,            0.043765,                   0,             0.07606,            0.076968,            0.017559,           0.0046504,             0.11342,            0.043189,                   0,            0.039817,           0.0064427,           0.0064427
